workload,round,before_ms,after_ms
empty,0,0.004692105999999995,0.005081055999999989
empty,1,0.0028640860000000144,0.003469109000000003
empty,2,0.0030387949999999934,0.0025062810000000013
empty,3,0.012561675000000008,0.0028566739999999983
empty,4,0.0027790069999999788,0.0029018140000000017
empty,5,0.005514273000000003,0.0029288060000000086
empty,6,0.005904174999999981,0.004278744999999987
empty,7,0.003816606000000007,0.0032561129999999993
empty,8,0.0033975269999999965,0.002363067000000001
100-numeric-strings,0,0.35343070000000126,0.021303699999998572
100-numeric-strings,1,0.21516919999999687,0.02457459999999969
100-numeric-strings,2,0.17730940000000145,0.0438575999999955
100-numeric-strings,3,0.1689436999999998,0.02145049999999742
100-numeric-strings,4,0.15126860000000306,0.02507730000000379
100-numeric-strings,5,0.16287760000000162,0.03809630000000084
100-numeric-strings,6,0.17638379999999643,0.05455779999999777
100-numeric-strings,7,0.17764980000000036,0.021664899999996122
100-numeric-strings,8,0.42917790000000194,0.09862390000000118
10000-numeric-bigints,0,21.03548599999999,4.947247000000004
10000-numeric-bigints,1,23.999747000000013,5.119618000000003
10000-numeric-bigints,2,22.556478999999968,3.4713010000000395
10000-numeric-bigints,3,23.40582699999993,3.2756590000000188
10000-numeric-bigints,4,19.41357400000004,2.6603269999999384
10000-numeric-bigints,5,18.87437299999999,2.6191980000000967
10000-numeric-bigints,6,19.443941999999993,3.037419
10000-numeric-bigints,7,26.701639999999998,4.184055999999941
10000-numeric-bigints,8,21.611165000000028,2.724901999999929
10000-nonnumeric-control,0,27.531464999999912,25.992812999999956
10000-nonnumeric-control,1,26.350934999999936,27.38047900000015
10000-nonnumeric-control,2,20.251670999999988,20.293691999999965
10000-nonnumeric-control,3,25.199476000000004,22.12277199999994
10000-nonnumeric-control,4,28.855643999999984,24.136295999999902
10000-nonnumeric-control,5,26.53756199999998,22.19432699999993
10000-nonnumeric-control,6,27.599445999999944,22.15623900000014
10000-nonnumeric-control,7,23.245616000000155,26.60303900000008
10000-nonnumeric-control,8,24.136841000000004,24.65756599999986
10000-inactive-control,0,0.4209991999999829,0.47242870000000037
10000-inactive-control,1,0.5292404000000033,0.44390679999999066
10000-inactive-control,2,0.4845132999999805,0.3583503999999948
10000-inactive-control,3,0.398771499999998,0.35341240000000196
10000-inactive-control,4,0.4061136000000033,0.363817599999993
10000-inactive-control,5,0.4087293000000045,0.36575419999999215
10000-inactive-control,6,0.36364490000000843,0.3958859000000075
10000-inactive-control,7,0.3737145000000055,0.3655843000000004
10000-inactive-control,8,0.5079893999999967,0.39849709999998595
